Code,Product,Price
1259625197,"Мужской дезодорант - антиперспирант Defance "" Silver protection "" 50мл",558
1259625266,Восковые полоски Daen EcoDepil для депиляции лица 16шт,366
1259625321,Маска для волос Delicare Professional для всех типов волос 500мл,531
1259625645,"Отбеливающая зубная паста D.I.E.S. "" Whitening Expert "" 100мл",294
1259625834,"Жидкие тени для век Relouis PRO Satin Liquid Eyeshadow 26 , Rose? Yes! , 4,7г",399
1259625866,"Механический карандаш для бровей Relouis Brow Wow 03 , 0,34г",369
1259625857,"Механический карандаш для бровей Relouis Brow Wow 01 , 0,34г",369
1259625916,"Компактный хайлайтер для лица Relouis PRO 01 , 5г",449
1259625984,"Чистящее средство для пола Ecologica "" антибактериальный эффект "" 1л",583
1259626258,"Женский дезодорант Carelax "" Fresh Water "" 150мл",365
1259626333,Очищающая маска - стик для лица Meidian Eggplant с экстрактом зеленого чая 40г,635
1259626860,Ампульный крем для лица Lebelage глубоко увлажняющий 70мл,773
1259626991,Одноразовые мужские станки для бритья Carelax Chrome 2+ с увлажняющей полоской 2 лезвия 7шт,256
1259626980,Питательный лосьон для тела Delicare Perfect Body Therapy для сухой и очень сухой кожи 500мл,548
1259627056,Зубочистки Market Fresh в пластиковом диспенсере со слайдером 60шт,37
1259627101,"Гель для стирки LAVELiq Aroma 2 в 1 "" Весна "" 1,5л",770
1259627138,Женский станок для бритья Carelax Silk Touch c 1 кассетой,931
1259627168,Мужские кассеты Carelax Energy 3шт,1001
1259627193,Пудра для объёмной укладки волос Valori Professional 10г,693
1259627245,"Женский парфюмированный дезодорант Fawaris Premier "" Beautiful Mind "" 150мл",442
1259627199,"Женский парфюмированный дезодорант Fawaris Premier "" Feast of Love "" 150мл",442
1259627314,"Женский парфюмированный дезодорант Fawaris Premier "" My girl "" 150мл",442
1259627413,"Карандаш для век BelorDesign Automatic Soft 302 , 0,21г",175
1259627477,"Маска для лица Little Devil "" Moisture "" с гиалуроновой кислотой 23мл",115
1259627750,Маска для лица Tenzero Royal Jelly Sheet mask с экстрактом маточного молочка 25мл,99
1259627637,Маска для лица Tenzero Green Tea Sheet mask с экстрактом зеленого чая 25мл,99
1259627592,Маска для лица Tenzero Vitamin Sheet Mask с витаминами 25мл,99
1259627714,Разглаживающая маска для лица Grace Day Multi-Vitamin Grape Fruit с экстрактом грейпфрута 27мл,87
1259627725,Выравнивающая маска для лица Grace Day Multi-Vitamin Orange с экстрактом апельсина 27мл,87
1259627720,Маска для лица Tenzero Solution Clearing Tea Tree Sheet mask с экстрактом чайного дерева 25мл,109
1259627760,Маска для лица Consly Pore Tightening Lychee с экстрактом личи 20мл,74
1259627652,Маска для лица Tenzero Hyaluronic Acid Sheet mask с гиалуроновой кислотой 25мл,99
1259627733,Маска для лица Tenzero Aloe Sheet mask с экстрактом алоэ 25мл,99
1259627712,Маска для лица Tenzero Solution Calming Cica Sheet mask с экстрактом центеллы 25мл,109
1259627721,"Крем для рук и тела Sella "" увлажнение "" с оливковым маслом 250мл",219
1259627774,"Био маска - детокс для лица Natura Siberica Doctor Taiga "" Pores Detox "" для глубокого очищения пор 100мл",199
1259627752,"Пена для бритья Majix "" Sensitive "" 200мл",288
1259627808,"Пена для бритья Majix "" Cool "" 200мл",288
1259627783,"Мужские сменные кассеты для бритья TopTech Razor 3 , 4шт",479
1259627701,Консилер для лица Lavelle 01 6 цветов,445
1259627722,Пакеты для мусора Big City Life особопрочные 240л 5шт,289
1259628221,"Лак для укладки волос Valori "" Каменные джунгли "" Мегафиксация (5) 250мл",770
1259628214,"Лак для волос Stylexx "" Блеск и шелковистость "" 5 экстрасильная фиксация 250мл",569
1259628222,"Лак для укладки волос Valori "" Воздушное настроение "" Мегафиксация (5) 250мл",770
1259628435,"Мужской шампунь для волос Carelax Energy "" укрепление и сила "" 365мл",423
1259628567,Восковые полоски Daen EcoDepil для депиляции тела 16шт,366
1259628440,Женские колготки Atto Ideal Body Hips 40den Nero 2 размер,955
1259628580,Крем для кожи вокруг глаз Delicare 46+ 15мл,442
1259628757,"Лосьон после бритья Foammen "" освежающий "" 100мл",732
1259628735,Лосьон после бритья Foammen для чувствительной кожи 100мл,732
1259628759,Бальзам после бритья Foammen для чувствительной кожи 100мл,732
1259628741,"Хайлайтер для лица BelorDesign Lumi Touch 1 Vanilla Dream 3,6г",398
1259629014,"Тканевая маска для лица Planeta Organica ""HYALURON THERAPY"", 30 г",119
1259629116,"Комплексная зубная паста D.I.E.S. "" Medical Herbs "" 100мл",294
1259629168,Кассеты для бритья E-Xact 4 лезвия 4шт,1696
1259629253,Увлажняющий бальзам для волос Planeta Organica Pure для чувствительной кожи 400мл,359
1259629207,Мягкий бальзам для волос Planeta Organica Pure для ежедневного применения 400мл,359
1259629213,Жидкий воск-спрей для волос Valori Professional Ботокс-Эффект 200 мл,512
1259629256,"Женский дезодорант - спрей Repute "" Rose Gold "" 150мл",384
1259629270,"Женский дезодорант - антиперспирант Repute "" Chic "" 150мл",384
1259629272,"Маска - патчи для области вокруг глаз Planeta Organica Pure "" увлажнение и Молодость "" 100мл",289
1259629367,Мягкий шампунь для волос Planeta Organica Pure для ежедневного применения 400мл,359
1259629478,"Крем - филлер для кожи вокруг глаз WEIS Hyaluron "" лифтинг "" 20мл",288
1259629375,"Флюид для лица Planeta Organica Pure "" Идеальное увлажнение "" 50мл",489
1259629529,"Женский дезодорант - антиперспирант Repute "" Pure "" 150мл",384
1259629423,"Патчи для области вокруг глаз Benabi Гидрогелевые , с змеиным пептидом 60шт",2874
1259629491,Насадка для швабры Vilardi из хлопка,577
1259629538,"Зажим Valori для завивки ресниц , металл",442
1259629535,Пудра - скульптор для лица Luxvisage 2 Ванильный капучино 9г,463
1259629602,"Лосьон после бритья Foammen "" увлажняющий "" 100мл",732
1259629612,"Сухой шампунь для волос Valori "" Push it up "" 200мл",867
1259629679,Крем для кожи вокруг глаз Lebelage с секретом черной улитки 40мл,529
1259629787,Крем для кожи вокруг глаз Lebelage с экстрактом икры 40мл,516
1259629770,Таблетки для посудомоечных машин Bambolina биоразлагаемые 25шт,882
1259629785,Гель - концентрат для стирки Lavel универсальный 3л,1927
1259629869,Стиральный порошок - суперконцентрат для детского белья Ecologica гипоаллергенный 1кг,969
1259630104,Чистящее средство для ванны Ecologica антибактериальное 500мл,555
1259630023,"Универсальный пятновыводитель Lavel "" Активный кислород "" 500г",502
1259630149,"Детская зубная щетка D.I.E.S. Kids "" Тиг "" с таймером 3+ , мягкая",460
1259630163,"Сахарный скраб Delicare Organic Secret для тела "" Молочный шоколад "" 250мл",500
1259630157,"Зубная щетка Evermex "" Intense "" средней жесткости",441
1259630150,"Комплексная зубная паста D.I.E.S. "" Calcium aktive "" 100мл",294
1259630174,Восковые полоски для ног и рук Carelax Silk Touch с кокосовым маслом + алоэ вера 12шт,849
1259630350,Восковые полоски для зоны бикини и подмышек Carelax Silk Touch с кокосовым маслом + алоэ вера 16шт,849
1259630356,"Гидрогелевые патчи для век WEIS Lazy Care с экстрактом сакуры , гиалуроновой кислотой и коллагеном 60шт",1098
1259630177,Патчи для области вокруг глаз Benabi с муцином улитки 60шт,2874
1259630347,"Спрей для волос Valori Professional "" Push-Up "" Антистатический эффект 200мл",500
1259630662,"Крем - гель для душа Delicare Yougurt "" Фисташковое мороженое "" 400мл",479
1259630574,"Спрей - кондиционер для волос Valori Professional термозащита , насыщенный блеск 200мл",500
1259630436,Женские колготки Atto Ideal Body Belly 40den Daino 2 размер,1100
1259630637,Крем для лица Delicare ночной 65+ 50мл,481
1259630423,Восковые полоски для депиляции Carelax Silk Touch Detox для тела 12шт,708
1259630694,"Скраб Delicare Organic Secret сахарный для тела "" кофе "" 250мл",500
1259630548,"Крем - гель для душа Delicare Yougurt "" Маракуйя и Манго "" 400мл",479
1259630515,Густой гель для сантехники Ecologica против ржавчины и известкового налета 750мл,558
1259631053,"Гель для душа Foammen "" Бодрящий "" 250мл",324
1259631351,"Мужской шампунь для волос Carelax Energy "" глубокое очищение "" 365мл",423
1259631402,"Тыквенный пилинг для лица Planeta Organica Skin super food "" Anti-age "" 30мл",417
1259631330,"Патчи для век Benabi с золотом , гиалуроновой кислотой и гнездом ласточки 60шт",2874
1259631433,Восковые полоски для депиляции Carelax Silk Touch Gel-Wax для лица 20шт,706
1259632382,"Маска для лица Chamos Acaci кислородная , очищающая 25мл",263
1259632402,Крем - гель для душа Adaly Минералы Мертвого моря с экстрактом кокоса и маслом пачули 750мл,944
1259632521,"Крем - гель для душа Delicare Yougurt "" Фисташковое мороженое "" 1000мл",840
1259632490,"Расческа-брашинг для волос Ameli "" Бабочки "" D4,8см",577
1259632533,"Массажная расческа для волос Ameli "" Завиток "" вентилируемая , d5,9см",384
1259632522,"Расческа для волос Ameli "" Завиток "" термо брашинг 3,8см",577
1259632576,"Мягкая паста - шугаринг для депиляции нетканными полосками Carelax Silk Touch "" Sugaring "" 750г",905
1259632687,Женские прокладки Day Spa Ultra Dry Super 8шт,230
1259633192,Восстанавливающая маска для волос Redist Professional Hair Care Mask Keratin Complex с кератином 500мл,599
1259633382,Крем для лица Delicare дневной 65+ 50мл,481
1259633027,"Крем для лица Benabi день / ночь , с змеиным пептидом 50мл",2855
1259633107,"Компактный хайлайтер для лица Relouis PRO 02 , 5г",449
1259633353,"Жидкие тени для век Relouis PRO Sparkle Liquid Eyeshadow 31 , Pink Party , 4,5мл",449
1259633246,"Жидкие тени для век Relouis PRO Satin Liquid Eyeshadow 25 , Sakura , 4,7г",399
1259633304,"Крем для лица Benabi день / ночь , с муцином улитки и коллагеном 50мл",2855
1259633248,"Блеск для губ с влажным финишем Relouis Paradiso 04 , First Date , 3г",435
1259633243,"Блеск для губ с влажным финишем Relouis Paradiso 03 , Independence , 3г",435
1259633336,"Жидкие тени для век Relouis PRO Satin Liquid Eyeshadow 23 , Cocoa Milk , 4,5мл",399
1259633318,"Жидкие тени для век Relouis PRO Satin Liquid Eyeshadow 20 , Champagne?Yes! , 4,5мл",399
1259633295,"Жидкие тени для век Relouis PRO Sparkle Liquid Eyeshadow 35 , Miracle Green , 4,5мл",449
1259633376,"Жидкие тени для век Relouis PRO Satin Liquid Eyeshadow 28 , Deep Bronze , 4,7г",399
1259633387,"Жидкие тени для век Relouis PRO Satin Liquid Eyeshadow 22 , Bronze N'Roses , 4,5мл",399
1259633344,"Жидкие тени для век Relouis PRO Satin Liquid Eyeshadow 24 , Heaven , 4,7г",399
1259633368,"Тональный крем - флюид для лица Relouis Paradiso 01 A , neutral beige , 30мл",749
1259633346,"Жидкие тени для век Relouis PRO Sparkle Liquid Eyeshadow 30 , Diamond Crush , 4,5мл",449
1259633351,"Жидкие тени для век Relouis PRO Sparkle Liquid Eyeshadow 34 , Misty Lavender , 4,5мл",449
1259633354,"Жидкие тени для век Relouis PRO Satin Liquid Eyeshadow 27 , Bridal Peach , 4,7г",399
1259633347,"Жидкие тени для век Relouis PRO Sparkle Liquid Eyeshadow 36 , Brilliant Evening , 4,5мл",449
1259633403,"Жидкие тени для век Relouis PRO Sparkle Liquid Eyeshadow 33 , Holographic , 4,5мл",449
1259633447,Бальзам для ног Delicare для грубой кожи 100мл,288
1259633519,"Механический карандаш для бровей Relouis Brow Wow 04 , 0,34г",369
1259633549,"Детская зубная щетка Bambolina Ми-ми-мишки "" Принцесса "" от 2 до 5 лет мягкая",175
1259633711,Основа под тени для век Relouis PRO Color Designer Eyeshadow Base 3г,345
1259633612,"Органайзер с 8 отделениями Guten Tag , Макси , Зеленый",384
1259633664,Пенка для умывания Lebelage с коллагеном 100мл,344
1259633864,Мешок для стирки одежды Lavel с молнией 30*40см,222
1259634058,Очищающая пенка для умывания Lebelage с экстрактом алоэ вера 100мл,435
1259633970,"Гель для мытья посуды Ecologica с экстрактами трав , дой-пак 750мл",442
1259634070,"Зубная нить D.I.E.S. невощеная "" клубника "" 15м",191
1259634078,"Тонирующий спрей - краска Lady Bella Root Concealer для отросших корней волос и седины , Brown 100мл",685
1259634073,"Тонирующий спрей - краска Lady Bella Root Concealer для отросших корней волос и седины , Blonde 100мл",685
1259635651,Губка для мытья посуды Guten Tag универсальная XXL 5шт,169
1259635796,"Крем для лица Lebelage увлажняющий и питательный , с коллагеном и зеленым чаем 60мл",850
1259635772,Ампульный крем для лица Lebelage с секретом черной улитки 70мл,773
1259636180,"Крем - хайлайтер для лица Botaniqua "" Нежное сияние "" 30мл",365
1259636229,Универсальная щетка Vister 3 в 1 с натуральной щетиной,384
1259636249,"Щетка Vister для обуви из замши , тройная",284
1259636283,"Термозащитный спрей - укрепление для волос Bio World Secret Life "" Detox therapy "" 250мл",329
1259636255,"Спрей - кондиционер для поврежденных волос Bio World Secret Life "" увлажнение и Гладкость "" 250мл",329
1259636247,"Термозащитный спрей - объём для волос Bio World Secret Life "" Hydro Therapy "" 250мл",329
1259636982,Маска для лица Tenzero Day 1 Mask Pack #Carrot Day с экстрактом моркови 25мл,99
1259637037,Маска для лица Tenzero Collagen Sheet mask с коллагеном 25мл,99
1259637031,Маска для лица Tenzero Carrot Sheet mask с экстрактом моркови 25мл,99
1259637731,"Чехол для одежды Haus Frau "" Пева "" 60*135 Синий",384
1259638562,"Маска для сухих и поврежденных волос Stylexx "" увлажнение и мягкость "" 700мл",1060
1259639510,"Гель для душа Delicare Safari "" Royal Fashion "" 270мл",305
1259639989,Мусорные мешки Guten Tag суперпрочные ПВД в рулоне 160л 10шт,384
1259639346,"Органайзер для хранения мелочей Guten Tag , 7 отделений , Прозрачный",191
1259640376,"Шампунь для сухих и тонких Stylexx "" увлажнение и мягкость "" 1000мл",1060
1259640181,Увлажняющая маска для лица Grace Day Multi-Vitamin Kiwi с экстрактом киви 27мл,87
1259640317,Маска для лица Tenzero Cica Sheet mask с экстрактом центеллы азиатской 25мл,99
1259639709,"Швабра Guten Tag с насадкой , из ПВА 120см",1118
1259639980,"Питательная маска для лица Mond'Sub "" Avocado "" с авокадо 20мл",153
1259643219,"Шторка для ванны Haus Frau полиэстер "" Полевые цветы """,1042
1259641216,Питательная маска - перчатки для рук Mond'Sub Hand Cream Mask с маслом арганы  36мл,517
1259641952,Гель для умывания WEIS Hyaluron 200мл,411
1259644385,Питательная маска - носочки для ног Mond'Sub Foot Cream Mask с маслом арганы  36мл,384
1259644258,Пилинг - носочки для ног Mond'Sub с экстрактом чайного дерева 40мл,577
1259642289,"Маска для волос Stylexx "" восстановление и питание "" 700мл",1060
1259645083,"Карандаш для век BelorDesign Automatic Soft 301 , 0,21г",175
1259642667,"Маска для лица Little Devil "" Anti-age "" с муцином улитки 23мл",115
1259644502,Салфетки для лица матирующие Sensicare 80шт,264
1259645855,Шампунь для поврежденных волос Delicare Professional 1000мл,770
1259645393,"Сухой шампунь для брюнеток Valori "" Let's Dark "" 200мл",867
1259645977,"Сухой шампунь для волос Valori "" Go Fresh "" 200мл",867
1259645900,Женские кассеты Carelax Silk Touch 5шт,1406
1259645211,"Сухой шампунь для волос Valori "" Classic "" 200мл",867
1259646108,"Гель для душа Delicare Safari "" Sweet Dreams "" 270мл",305
1259646808,"Ультратонкие парфюмированные стельки для обуви Vister Aroma Fresh , р.35-39 , 2 пары",346
1259647037,Увлажняющий лосьон для тела Delicare Perfect Body Therapy для чувствительной кожи 500мл,548
1259647190,"Спрей - кондиционер для волос Bio World Secret Life "" восстановление и блеск "" 250мл",329
1259647307,Спрей для волос Valori Professional Биоламинирование 200 мл,577
1259647566,"Одноразовые мужские станки Carelax Chrome 2, 2 лезвия, 5+2 шт",190
1259647521,Двухфазный лосьон для снятия макияжа с глаз WEIS Hyaluron 100мл,411
1259647894,Женский станок + кассеты Carelax Silk Touch 4шт+ручка в подрок,1490
1259648633,"Гель для стирки LAVELiq Aroma 2 в 1 "" Камелия "" 1,5л",770
1259648521,"Порошок суперконцентрат для стирки белья Ecologica гипоаллергенный 1,75кг",1548
1259648564,Мужской станок Carelax Energy с 1 кассетой,924
1259648646,Мужские кассеты Carelax Energy 5 шт,1483
1259648823,Одноразовые мужские станки для бритья Carelax Chrome-2 2 лезвия 12шт,332
1259649033,"Женский дезодорант - антиперспирант Repute "" Chic "" 50мл",384
1259649167,"Женский дезодорант - антиперспирант Repute "" Tact "" 50мл",384
1259649212,"Женский дезодорант - антиперспирант Repute "" Pure "" 50мл",384
1259649130,"Женский дезодорант - антиперспирант Repute "" Violet "" 150мл",384
1259649144,"Женский дезодорант - спрей для тела Aleda "" Luxury "" 200мл",481
1259650222,"Лак для укладки волос Valori "" Королева красоты "" Мегафиксация (5) 250мл",770
1259650223,"Тканевая маска для лица Planeta Organica ""УСПОКАИВАЮЩАЯ"", 30 г",119
1259650531,Увлажняющая маска Grace Day Multi-Vitamin Strawberry с экстрактом клубники 27мл,87
1259650557,"Скульптор для лица BelorDesign Relief touch 2 3,8г",345
1259650608,Маска для лица Tenzero Solution Nourishing Avocado Sheet mask с экстрактом авокадо 25мл,109
1259650855,Выравнивающая маска для лица Consly Radiance Papaya с экстрактом папайи 20мл,74
1259651001,"Женский дезодорант - антиперспирант Delicare Love "" Pink Dreams "" 150мл",384
1259650952,Женские прокладки INSO Anion O2 Normal с анионовым слоем 40шт,1175
1259652009,"Моющее средство Клин "" Окна и стекла "" , Лимон 500мл",281
1259652056,"Сменные кассеты для бритья TopBeauty Paris , 5 лезвий , 2шт",455
1259652425,"Гоммаж для лица Planeta Organica Pure "" Обновление и сияние "" 100мл",275
1259652549,Шампунь - концентрат для ковров и мягкой мебели LAVELiq 500мл,346
1259653369,"Маска для сухих и тусклых волос Delicare Milk & Silk "" увлажнение и блеск "" 500мл",577
1259653372,"Гель для стирки 2 в 1 LAVELiq Aroma "" Камелия "" 1,5л",775
1259653333,"Гель для стирки 2 в 1 LAVELiq Aroma "" Весна 1,5л",775
1259654052,Минеральный спрей для лица Delicare Mineral Spray с гиалуроном 200мл,307
1259654132,Увлажняющий шампунь для волос Planeta Organica Pure для чувствительной кожи 400мл,359
1259654144,"Крем для лица Planeta Organica Pure "" питание и Молодость "" 50мл",469
1315424363,Женский дезодорант - антиперспирант Delicare Spring Dreams 200мл,384
1315427823,Женский дезодорант - антиперспирант Delicare Cotton Dry 200мл,384
1315428093,Женский дезодорант - антиперспирант Delicare Powder Soft 200мл,384
1315424466,"Женский дезодорант Delicare Sensitive Care "" Fresh "" 200мл",452
1315742585,"Матовая помада для губ Parisa Cosmetics Stay Matte 04 3,6г",499
1315742379,"Матовая помада для губ Parisa Cosmetics Stay Matte 06 3,6г",499
1315742460,"Матовая помада для губ Parisa Cosmetics Stay Matte 08 3,6г",499
1315742237,"Матовая помада для губ Parisa Cosmetics Stay Matte 01 3,6г",499
1315742469,"Матовая помада для губ Parisa Cosmetics Stay Matte 03 3,6г",499
1315742482,"Матовая помада для губ Parisa Cosmetics Stay Matte 02 3,6г",499
1315742425,"Матовая помада для губ Parisa Cosmetics Stay Matte 09 3,6г",499
1315742664,"Матовая помада для губ Parisa Cosmetics Stay Matte 05 3,6г",499
1315742619,"Матовая помада для губ Parisa Cosmetics Stay Matte 07 3,6г",499
1316533010,"Бальзам - тинт для губ BelorDesign Bad Doll ежевика 2,1г",394
1316533781,"Бальзам - тинт для губ BelorDesign Bad Doll малина 2,1г",394
1316821257,Шампунь для сухих волос Valori Professional Aqua Balance 250мл,577
1317736424,"Карандаш для губ BelorDesign Automatic Soft 206 , 0,21г",229
1317736418,"Карандаш для губ BelorDesign Automatic Soft 203 , 0,21г",229
1317736464,"Карандаш для губ BelorDesign Automatic Soft 204 , 0,21г",229
1317736411,"Карандаш для губ BelorDesign Automatic Soft 205 , 0,21г",229
1317736400,"Карандаш для губ BelorDesign Automatic Soft 207 , 0,21г",229
1317741438,"Карандаш для век BelorDesign Automatic Soft 306 , 0,21г",229
1317741550,"Карандаш для век BelorDesign Automatic Soft 305 , 0,21г",175
1318348975,"Тональный крем для лица Relouis PRO Non-Transfer Foundation 30 , 33г",655
1318349369,"Тональный крем для лица Relouis PRO Non-Transfer Foundation 10 , 33г",655
1318422845,"Тушь для ресниц Relouis Touche "" суперобъем и разделение "" , Коричневый , 9г",419
1318403804,"Тушь для ресниц приподнимающая объём BelorDesign Intellect Черная 10,1г",433
1318427299,Консилер для лица BelorDesign Soft Focus 102 Светлый бежевый 7г,337
1318427650,Консилер для лица BelorDesign Soft Focus 103 Нейтральный 7г,337
1318427529,Консилер для лица BelorDesign Soft Focus 101 Фарфоровый 7г,337
1318906609,Средство для удаления плесени Unicum для ванной комнаты 500мл,298
1322461881,"Блеск для губ с влажным финишем Relouis Paradiso 05 , Don't Stop , 3г",435
1322539996,Бальзам для сухих волос Valori Professional Aqua Balance 250мл,577
1353599222,Гель - концентрат для стирки шерсти и шелка LAVELiq Delicate Care 1л,769
1353599850,Гель - концентрат для стирки шерсти и шелка LAVELiq Delicate Care 2л,1452
1353599650,Гель - концентрат для стирки цветного белья LAVELiq Delicate Care 1л,769
1357690719,"Румяна для лица BelorDesign Velvet touch 101 Нежный персик 3,6г",295
1357690508,"Румяна для лица BelorDesign Velvet touch 104 Розово-бежевый 3,6г",295
1357749354,"Шампунь для волос Verdicare Pure Avocado "" увлажняющий "" 600мл",399
1358230091,"Подводка - штамп для век 7 days b.colour 01 , Dark Heart , 2мл",599
1358224731,"Подводка для век BelorDesign PRO INK 1 Черная 3,5г",286
1359259392,"Жидкие тени для век Relouis PRO Matte Liquid Eyeshadow 12 , Taupe , 4,5мл",399
1359820056,"Тушь для ресниц BelorDesign Maximission суперобъем , Черная 11,4г",319
1359887090,"Фломастер - тинт для бровей BelorDesign Microblade Effect 21 Русый 1,1г",398
1359955176,Сменные кассеты TopTech Razor 5 5 лезвий 4шт,842
1556195923,Увлажняющий шампунь для волос KeraSys 180мл,455
1556112084,Восстанавливающий шампунь для волос KeraSys 180мл,455
1556112110,Восстанавливающий шампунь для волос KeraSys дой-пак 500мл,749
1556111338,Увлажняющий шампунь для волос KeraSys дой-пак 500мл,749
1556111510,"Шампунь для волос Alerana "" Плотность и Объем "" 250мл",609
1556111407,"Шампунь для волос KeraSys "" Романтик "" 400мл",999
1556195686,"Шампунь для волос Alerana Pharma Care "" Формула кератинового восстановления "" 260мл",449
1557108796,"Шампунь для волос Super Siberica "" стойкость цвета и блеск "" 400мл",311
1556195838,Шампунь Alerana для жирных и комбинированных волос 250мл,609
1556112122,"Шампунь для волос Alerana Pharma Care "" Формула экстремального питания "" 260мл",449
1556195778,Серебристый шампунь для светлых оттенков волос Concept Anti-yellow effect 300мл,537
1556195940,Шампунь Natura Siberica Oblepikha Siberica облепиховый с эффектом ламинирования для ослабленных и поврежденных волос 400мл,415
1556111289,"Шампунь для тонких волос Alerana Pharma Care "" Формула максимального объёма "" 260мл",449
1556111523,"Шампунь для волос Alerana "" PH-баланс увлажняющий "" 250мл",609
1556201734,"Шампунь для волос Alerana "" Интенсивное питание "" 250мл",609
1556140165,Тушь для ресниц Luxvisage Secret Черная 12г,389
1556116300,"Тушь для ресниц BelorDesign "" Podium extreme "" Черная 11,7г",344
1556117351,"Тушь для ресниц BelorDesign Black Corset моделирующая , Черная 8,8г",299
1556116320,"Тушь для ресниц Luxvisage 3D effect "" объём - длина - Ультра черная "" 10г",339
1556116329,"Тушь для ресниц Luxvisage Smoky Eyes "" Панорамный объем "" 7г",387
1556190839,"Цветная тушь для ресниц с эффектом металлик 7 days b.colour 04 , Blue , 8мл",700
1556116323,Тушь для ресниц Luxvisage XXL Суперобъём + Эффект накладных ресниц 9г,445
1556116303,"Тушь для ресниц Luxvisage Smoky Eyes "" Эффект умножения и удлинения "" 7г",387
1556195471,"Цветная тушь для ресниц с эффектом металлик 7 days b.colour 06 , Purple , 8мл",700
1556193514,"Цветная тушь для ресниц с эффектом металлик 7 days b.colour 03 , Brown , 8мл",700
1556115814,Тушь для ресниц Luxvisage Killer Черная 11г,480
1556116351,"Тушь для ресниц Luxvisage Perfect color "" Веер пышных ресниц "" Черная 9г",344
1556116326,"Тушь для ресниц BelorDesign Overeyes объёмная , Черная 11,2г",299
1556112219,Тушь для ресниц Luxvisage Arabian Night Drama volume Черный 8г,366
1556111891,"Тушь для ресниц Luxvisage Perfect color "" EXPRESS объем&длина "" 9г",344
1556116385,"Тушь для ресниц Luxvisage Smoky Eyes "" Накладные ресницы "" 7г",391
1556111951,Тушь для ресниц Luxvisage Secret синяя 12г,389
1556116360,"Тушь для ресниц Luxvisage "" XXL длина-объём-изгиб "" 9г",445
1556111883,"Тушь для ресниц с эффектом сценического объёма Relouis Delicious Dramatic Decision , Черный , 10г",434
1556190896,"Цветная тушь для ресниц с эффектом металлик 7 days b.colour 07 , Lilac , 8мл",700
1556190954,"Цветная тушь для ресниц с эффектом металлик 7 days b.colour 05 , Green , 8мл",700
1556116336,Объёмная тушь для ресниц Luxvisage Elastica Thermo Tubing Черная 8г,421
1556116319,"Тушь для ресниц Luxvisage MIXX "" объём - длина - изгиб "" Черная 12г",407
1556116279,Тушь для ресниц Luxvisage Secret коричневая 12г,389
1557776027,Ночной омолаживающий крем для лица Delicare Gold 60+ 50мл,519
1557797757,Дневной крем для лица Delicare Peptide Complex с алоэ вера и пептидами 56+ 50мл,577
1557750150,Омолаживающий крем для шеи и декольте Delicare Gold 60+ 50мл,519
1557797027,Ночной разглаживающий крем для лица Delicare Gold 50+ 50мл,519
1557737671,Дневной разглаживающий крем для лица Delicare Gold 50+ 50мл,519
1557784752,Дневной омолаживающий крем для лица Delicare Gold 60+ 50мл,519
1557737662,"Крем Novosvit гиалуроновый - филлер для кожи вокруг глаз "" AquaFiller "" 20мл",224
1557750139,Легкий увлажняющий крем для лица Mixit Your skin для нормальной и склонной к жирности кожи 50мл,874
1557738149,"Крем - гель для лица Natura Siberica Bereza Siberica "" увлажняющий "" 50мл",599
1558237303,Тональный крем для лица BelorDesign Nude Harmony 201 Light beige 33г,486
1558245943,"CC крем для лица Luxvisage Active Complex SPF10 , 10 , 35г",445
1558247068,Тональный крем для лица BelorDesign Nude Harmony 204 Natural 33г,486
1558239048,"Тональный крем для лица Luxvisage Skin Evolution "" Soft matte blur effect "" 20 Beige 35г",389
1558252211,"Матирующий тональный крем для лица 7 days b.colour 03 , Medium , 30мл",1145
1558510698,Тональный крем для лица BelorDesign Nude Harmony 203 Medium Beige 33г,486
1558489792,"BB крем для лица Bielita Young "" Photoshop-эффект "" универсальный тон SPF 15 30мл",299
1558293792,"Матирующий тональный крем для лица 7 days b.colour 02 , Light Medium , 30мл",1145
1558245733,"Тональный крем для лица Luxvisage Skin Evolution "" Soft matte blur effect "" 25 Natural 35г",389
1558437569,"Матирующий тональный крем для лица 7 days b.colour 01 , Light , 30мл",1145
1559734372,"Мерцающая помада для губ 7 days b.colour 03 , Sun , 4г",554
1559740864,Жидкая помада для губ Luxvisage Matt Tattoo No transfer 103 Caramel Nude,366
1559752786,"Помада для губ Luxvisage Pin-Up матовая , 508 , Lolita 4г",298
1559742482,"Жидкая матовая помада для губ Luxvisage Matt Tattoo no transfer 12H 120 , 3,8г",366
1559734525,Помада для губ Luxvisage Pin-Up матовая 522 Amanda 4г,298
1559734321,Жидкая помада для губ Luxvisage Matt Tattoo No transfer 109 Claassic red,366
1559740908,"Мерцающая помада для губ 7 days b.colour 04 , Smurfette , 4г",554
1559740995,"Мерцающая помада для губ 7 days b.colour 01 , Barbie , 4г",554
1559740820,"Мерцающая помада для губ 7 days b.colour 02 , Unicorn , 4г",554
1560613811,"Зубная паста Sensodyne "" Восстановление и защита "" 75мл",415
1560613889,Зубная паста для укрепления и реминерализации эмали PresiDENT Four Calcium 75г,343
1560613816,"Травяная зубная паста Coco Blues "" Papaya "" 30г",299
1560613813,"Зубная паста Sensodyne отбеливающая "" восстановление и защита "" 75мл",415
1560613805,"Травяная зубная паста Coco Blues "" Mango "" 30г",299
1560613818,"Зубная паста D.I.E.S. Expert "" детокс "" 75мл",345
1560613788,Зубная паста для чувствительных зубов PresiDENT Sensitive 75г,343
1560803628,"Жидкая подводка для век с эффектом металлик 7 days b.colour 06 , Silver , 3,3мл",545
1560804123,"Подводка - фломастер для век BelorDesign Streamline Черная 1,1г",449
1560808172,"Подводка - штамп для век 7 days b.colour 03 , Dusky Moon , 2мл",599
1560807662,"Подводка - штамп для век 7 days b.colour 02 , Black Star , 2мл",599
1560803579,Подводка для век Luxvisage Matt Tattoo Waterproof 24H Черная,507
1560803604,"Жидкая подводка для век с эффектом металлик 7 days b.colour 07 , Gold , 3,3мл",545
1560803609,"Подводка - штамп для век 7 days b.colour UVglow 03 , Fire Moon , 2мл",598
1560803674,"Жидкая подводка для век с эффектом металлик 7 days b.colour 04 , Cooper , 3,3мл",545
1560803740,"Подводка - штамп для век 7 days b.colour UVglow 02 , Lime Star , 2мл",598
1560803759,"Подводка - штамп для век 7 days b.colour UVglow 01 , Rose Heart , 2мл",598
1560803685,Подводка для век Luxvisage Matt Ink водостойкая Черная 4г,284
1560902728,Оттеночный бальзам для волос BlondEvolution Spicy Lavender 3 в 1 125мл,229
1560908129,Оттеночный бальзам для волос BlondEvolution Rose Bloom 3 в 1 125мл,229
1560875690,Бальзам - ополаскиватель Alerana для всех типов волос 200мл,609
1560875527,"Бальзам для волос Alerana Pharma Care "" Формула экстремального питания "" 260мл",449
1560878447,"Бальзам для волос Super Siberica "" стойкость цвета и блеск "" 400мл",311
1564203595,"Смягчающее масло для губ 7 days b.colour 01 , Baby Blackberry , 4мл",309
1564204196,"Смягчающее масло для губ 7 days b.colour 02 , Sweet Strawberry , 4мл",309
1564271764,"Гель для умывания Natura Siberica Bereza Siberica "" очищающий "" 150мл",399
1564262891,"Очищающая пенка для лица Holika Holika Daily Garden "" Rice "" c рисом 120мл",611
1564269006,"Пенка для умывания Planeta Organica Pure "" Чистая и нежная кожа "" 150мл",369
1564266012,"Пенка для лица Holika Holika очищающая "" алоэ "" 150мл",858
1564262863,"Очищающая пенка для лица Holika Holika Daily Garden "" Camellia "" с камелией 120мл",611
1564265270,Green Mama Формула тайги очищающая пена - гель для лица ромашка и брусника 300мл,499
1564262803,Экстра питательное гель - масло для лица ФИТОкосметик BioCosmetolog для умывания и демакияжа 260мл,275
1564262753,"Очищающая пенка для лица Holika Holika Daily Garden "" Bamboo "" с бамбуком 120мл",611
1564262793,Гидрофильное гель - масло для умывания Compliment для глубокого очищения 150мл,374
1564803344,"Детский крем для загара WEIS Sun Expert солнцезащитный , SPF 50 75мл",664
1564803499,Солнцезащитный спрей для тела WEIS Sun Expert SPF 40 150мл,1060
1564807101,Солнцезащитное молочко WEIS для тела SPF 30 140мл,925
1564920186,"Мерцающие жидкие тени для век 7 days b.colour 01 , Crystal , 5,5мл",894
1564920200,"Тени для век 7 days b.colour 03 , Rainbow Dash , 9г",1499
1564913561,Жидкие тени для век Luxvisage Metal hype 9 Розовый иней 3г,343
1564913615,"Мерцающие жидкие тени для век 7 days b.colour 02 , Storm , 5,5мл",894
1564920204,Жидкие тени для век Luxvisage Metal hype 7 Кремовый жемчуг 3г,343
1564913623,"Жидкие тени - хамелеоны для век 7 days b.colour 05 , Diamond , 1,5мл",1398
1567076691,Увлажняющий кондиционер для волос KeraSys 180мл,455
1567076649,"Кондиционер для восстановления волос Concept Fusion "" Detox Balance "" 400мл",485
1567076785,Восстанавливающий кондиционер для волос KeraSys дой-пак 500мл,749
1567076596,Увлажняющий кондиционер для волос KeraSys дой-пак 500мл,749
1567076625,Восстанавливающий кондиционер для волос KeraSys 180мл,455
1567081468,"Блеск для губ с эффектом плампинга 7 days b.colour 02 , Soft Pink , 2,5мл",691
1567081500,"Мерцающий блеск для губ 7 days b.colour 01 , Soap Bubbles , 2,5мл",699
1567081539,"Мерцающий блеск для губ 7 days b.colour 02 , Neon Party , 2,5мл",699
1567081489,"Блеск для губ с эффектом плампинга 7 days b.colour 01 , Nude , 2,5мл",691
1567081469,"Мерцающий блеск для губ 7 days b.colour 03 , Dream Island , 2,5мл",724
1567081516,"Мерцающий блеск для губ 7 days b.colour 04 , Candy Mania , 2,5мл",724
1567860502,Пудра - фиксатор для лица Luxvisage Expert Matt Бесцветная 9г,463
1567871906,"Пудра - скульптор для лица Relouis PRO Sculpting Powder 01 , 5г",419
1567856326,Пудра - скульптор для лица Luxvisage Face Shadow 20 Cool Beige 5г,489
1567860492,Пудра для лица Luxvisage Silk Dream 01 10г,463
1567860508,Пудра - бронзатор для лица Luxvisage Sunny Bunny 01 10г,463
1567856328,Пудра - скульптор для лица Luxvisage Face Shadow 10 Warm Beige 5г,489
1567871936,"Минеральная матирующая пудра для лица 7 days b.colour , Прозрачный , 3г",1267
1567922901,"Автоматический карандаш для бровей с щеточкой 7 days b.colour 01 , Soft Blond , 0,06г",749
1567922912,"Автоматический карандаш для бровей с щеточкой 7 days b.colour 03 , Dark Chocolate , 0,06г",753
1568769840,"Мужской дезодорант - спрей Cool Breeze "" Cool "" 200мл",550
1569144105,"Освежающий тоник для лица Natura Siberica Natura Kamchatka "" Моментальная свежесть и сияние "" 200мл",189
1569144124,"Тоник для лица Natura Siberica Bereza Siberica "" очищающий "" 200мл",559
1569150594,Матирующий тоник для лица Green Mama Морской сад от расширенных пор и черных точек с морскими водорослями 200мл,289
1572640720,Питательный крем - гель для душа Organic Shop Coconut yogurt & Banana 280мл,249
1572640850,"Крем - гель для душа Milk "" Молоко и Шоколад "" 800мл",273
1572640845,"Крем - гель для душа Milk "" Молоко и Апельсин "" 800мл",273
1572640871,"Крем - гель для душа Milk "" Молоко и Земляника "" 800мл",273
1572665467,"Гель - корректор для бровей с микрофиброй Luxvisage Brow Styler 3 in 1 3 Мокаччино 5,5г",281
1572671231,"Гель - фиксатор для бровей Luxvisage Brow fixing 5,5г",256
1572665258,"Гель - корректор для бровей с микрофиброй Luxvisage Brow Styler 3 in 1 4 Эспрессо 5,5г",281
1572705602,"Консилер для лица 7 days b.colour 03 , Medium , 8мл",648
1572700090,"Консилер для лица 7 days b.colour 01 , Light , 8мл",651
1572700049,"Консилер для лица 7 days b.colour 02 , Light Medium , 8мл",648
1572947959,Маска - уход для волос Hair Company Professional Hair Natural Light Keratin Care с кератином 500мл,1132
1573129561,Румяна для лица Luxvisage Silk Dream компактные 3 5г,420
1573129258,Румяна для лица Luxvisage Silk Dream компактные 1 5г,420
1573133467,"Кремовые румяна для лица 7 days b.colour 01 , Prose , 7г",792
1573133627,"Румяна - стик для лица BelorDesign Multitalent 01 , 6,7г",482
1574675870,"Кремовые румяна для лица 7 days b.colour 02 , Romantic , 7г",792
1573687187,"Туалетный блок для унитаза Бреф Perfume Switch "" Цветущая яблоня - Лотос "" 2*50г",399
1573686599,"Туалетный блок для унитаза Бреф De Luxe "" Пленительный жасмин "" 3шт",559
1573686789,"Туалетный блок для унитаза Бреф De Luxe "" Нежная магнолия "" 3шт",559
1573686588,"Туалетный блок для унитаза Бреф Color Activ "" цветочная свежесть "" 3*50г",559
1573686643,"Туалетный блок для унитаза Бреф Perfume Switch "" Цветущая яблоня и Лотос "" 3*50г",559
1574041573,Оттеночный бальзам Тоника для волос 4.62 Neon Pink 150мл,206
1574042724,Оттеночный бальзам Тоника для волос 9.10 Дымчатый топаз 150мл,192
1574046478,Оттеночный бальзам Тоника для волос 4.0 Шоколад 150мл,192
1574037149,Оттеночный бальзам Тоника для волос 3.22 Ultraviolet 150мл,206
1574126138,Чистящий гель Sanfor Белизна 3 в 1 700г,165
1574768117,"Основа под макияж матирующая Luxvisage Prime Expert "" Matt & Sebum control "" Персиковый 35г",399
1574767559,"Основа под макияж маскирующая покраснения Luxvisage Prime Expert "" Anti Red "" 35г",399
1574767549,База под тени для век Luxvisage 5г,244
1574772717,Корректирующая основа под макияж Luxvisage Pore Killer для заполнения пор и морщин 20г,388
1574772753,"Основа под макияж выравнивающая Luxvisage Prime Expert "" Pore Filler "" Прозрачный 35г",399
1574767899,"Сияющая основа под макияж Luxvisage Prime Expert "" Glow Skin "" 35г",400
1575132704,Основа - праймер под макияж Bielita Amore прозрачная 30мл,479
1575123098,Стойкая крем - краска для бровей и ресниц STUDIO Professional Графит 50мл,299
1575122339,Стойкая крем - краска для бровей STUDIO Professional темно-коричневая 50мл,369
1575121230,Стойкая краска для бровей и ресниц STUDIO Professional коричневая 50/30мл,299
1575118935,Стойкая крем - краска для бровей STUDIO Professional Graphite 30мл,369
1575117665,Стойкая крем - краска для бровей STUDIO Professional Ash Brown 50мл,299
1575116438,Крем - краска для бровей и ресниц STUDIO Professional Black 50мл,299
1575756511,Зубная щетка Evermex Ultra Sensitive мягкая 2шт,499
1575931854,"Хайлайтер для лица и тела 7 days b.colour 02 , Drama Queen , 2,5г",927
1576163454,Гидрогелевые патчи для кожи вокруг глаз Lanbena Hyaluronic Hydra-Gel Eye Patches с гиалуроном 60шт,490
1576900880,Восстановитель Frenchi Умная эмаль для поврежденных ногтей 11мл,274
1576900915,Гель для утолщения ногтей Frenchi Умная эмаль 11мл,274
1576973340,"Стойкий карандаш каял для век 7 days b.colour 03 , Lavender , 0,25г",802
1576973402,"Стойкий карандаш каял для век 7 days b.colour 06 , Yellow , 0,25г",802
1576973462,"Стойкий карандаш каял для век 7 days b.colour 04 , Turquoise , 0,25г",802
1576973425,"Стойкий карандаш каял для век 7 days b.colour 05 , Peach , 0,25г",802
1577020752,"Тинт для губ Luxvisage Lip Tint Aqua Gel 01 , Aperol , 3,4мл",328
1577020699,"Тинт для губ Luxvisage Lip Tint Aqua Gel 06 , Toffe 3,4мл",328
1577278212,Экспресс пилинг для ног Skinlite 20г,435
1577359232,Глиттер для лица и тела SHU Sparkle Bang 133 Дуохромный фиолетовый 3г,589
1577359256,Глиттер для лица и тела SHU Sparkle Bang 132 Дуохромный золотой 3г,589
1577360167,Глиттер для лица и тела SHU Sparkle Bang 131 многоцветный 3г,589
1577359299,Глиттер для лица и тела SHU Sparkle Bang 134 Серебряный 3г,589
1577393825,"Мицеллярная вода для лица , глаз и губ SVOBODA "" Свежесть кожи "" 430мл",199
1577379935,Мицеллярная вода для лица Green Mama для бережного и эффективного очищения 500мл,319
1579206014,Лак для волос Redist Professional Hair Spray Super Strenght Finishing Full Force экстрасильная фиксация 400мл,499
1579206004,Лак для волос Professional Touch Pro Vitamin B5 Hydro Complex сильная фиксация (4) 265мл,265
1579299373,Гель - концентрат против пятен UMA Expert 1л,299
1579299352,Гель - концентрат для цветного белья UMA Brilliant 1л,299
1580098588,"Скраб Green Mama Формула тайги "" кедровый орех и Уссурийский хмель "" для лица 170мл",399
1580451208,"Тушь для волос 7 days b.colour UVglow 03 , Tokyo Evening , 10мл",995
1580451002,"Тушь для волос 7 days b.colour UVglow 04 , Barcelona Noon , 10мл",995
1580507544,"Гель для бритья Majix "" Sensitive "" 200мл",558
1581585575,"Средство Expel для устранения засоров от волос без хлора , саше 2шт , 50г + 50г",139
1585621023,Женский станок для бритья TopBeauty + сменные кассеты 10шт,649
1590018966,Мужской станок для бритья TopTech Pro 3 + сменные кассеты 10шт,629
1594547010,Увлажняющая пенка Natura Siberica для снятия макияжа с глаз для чувствительной кожи 150мл,399
1590324335,Мусс для волос Professional Touch Pro Vitamin B5 & Silk protein экстрасильная фиксация 150мл,265
1590726452,"Порошок Сомат Standard для мытья посуды в посудомоечных машинах "" Сода эффект "" 1,5кг",890
1591143014,Мешок для стирки одежды Lavel с молнией 50*60см,261
1591323688,"Полоски для отбеливания зубов Global White "" 7 дней "" 7 пар",1159
1591350650,Бронзер для лица BelorDesign Incredible Hollywood 1 11г,526
1591362068,"Мультифункциональный стик - скульптор для лица BelorDesign Multitalent 1 , 7,2г",470
1593625677,Кассеты для бритья E-Xact с увлажняющей полоской 5 лезвий 4шт,2120
1594158298,Укрепляющий кондиционер для волос Concept Biotin Secrets 500мл,635
1594196706,"Тушь для ресниц Belor Design Bad Doll белая 9,3 г",437
1594196568,"Тушь для ресниц Belor Design Bad Doll фиолетовая 9,3 г",437
1594224225,Высокоэффективная маска мега-уход для слабых и поврежденных волос Concept Mega-Mask 500мл,1155
1594452313,Гель для бритья Majix Cool 200 мл,558
1617695616,"Маска Vilenta Vitamins для лица против признаков усталости "" Vitamin C "" , для всех типов кожи 28мл",139
1617800169,"Зубная паста Himalaya Herbals "" Тройное действие "" 125г",190
1617800613,"Зубная паста Himalaya Herbals "" Анти-кариес "" 125г",190
1645361029,"Укрепляющий лак для ногтей Frenchi Умная эмаль 357 , 11мл",215
1645360890,"Укрепляющий лак для ногтей Frenchi Умная эмаль 387 , 11мл",215
1645361462,Лак для ногтей Jeanmishel Crystal 708 Сиренево-серебристый блестящий 12мл,139
1645360774,"Лак для ногтей с глиттером Luxvisage Galactic 222 , 9г",270
1645360846,"Укрепляющий лак для ногтей Frenchi Умная эмаль 300 , 11мл",215
1645361046,"Укрепляющий лак для ногтей Frenchi Умная эмаль 365 , 11мл",215
1645361111,"Укрепляющий лак для ногтей Frenchi Умная эмаль 316 , 11мл",215
1645360936,"Лак для ногтей с металлическим сиянием Luxvisage Metallic Show 302 , 9г",255
1645361015,"Лак для ногтей с металлическим сиянием Luxvisage Metallic Show 303 , 9г",255
1645361001,"Укрепляющий лак для ногтей Frenchi Умная эмаль 379 , 11мл",215
1645360945,"Лак для ногтей Luxvisage Metallic Show с металлическим сиянием 305 , 9г",255
1645361119,"Лак для ногтей с глиттером Luxvisage Galactic 215 , 9г",270
1645361474,"Лак для ногтей с металлическим сиянием Luxvisage Metallic Show 304 , 9г",255
1645361157,Лак для ногтей Jeanmishel Crystal 707 Фиолетово-серебристый блестящий 12мл,139
1645361429,"Укрепляющий лак для ногтей Frenchi Умная эмаль 356 , 11мл",215
1645361010,"Лак для ногтей с глиттером Luxvisage Galactic 217 , 9г",270
1645360955,Лак для ногтей Jeanmishel Crystal 727 Голубой блестящий 12мл,139
1645363378,"Лак для ногтей с глиттером Luxvisage Galactic 216 , 9г",270
1645361153,"Лак для ногтей с глиттером Luxvisage Galactic 224 , 9г",270
1651506950,"Жидкая матовая помада для губ Relouis Nude Matte 23 , 4,5г",399
1651506052,"Жидкая матовая помада для губ Relouis Paradiso 02 , Ballerina , 3,7г",435
1651506773,"Жидкая матовая помада для губ Relouis Nude Matte 18 , 4,5г",399
1651506063,Помада для губ Beauty Bomb Lipsy 07 4г,299
1651505979,"Помада для губ BelorDesign Smart Girl Be Color 107 Цветущая сирень 4,3г",219
1651505943,Помада для губ Luxvisage Pin-Up матовая 517 Ariana 4г,298
1651506761,Помада для губ Luxvisage 17 4г,311
1651507006,"Жидкая матовая помада для губ Relouis True Matt 05 , 4,5г",399
1651506388,"Жидкая матовая помада для губ Relouis Nude Matte 21 , 4,5г",399
1651506809,"Помада для губ BelorDesign Smart Girl Be Color 106 Карамель 4,3г",219
1651506158,"Помада для губ BelorDesign Smart Girl Be Color 111 Амаранте 4,3г",219
1651507016,Помада для губ Luxvisage 19 4г,311
1651506183,"Жидкая матовая помада для губ Relouis Nude Matt 12 , 4,5г",399
1651506102,"Помада для губ BelorDesign Party 46 4,3г",199
1651506729,"Жидкая матовая помада для губ Relouis Nude Matte 22 , 4,5г",399
1651506042,Помада для губ Luxvisage Pin-Up матовая 503 Mila 4г,298
1651506020,"Жидкая матовая помада для губ Relouis Nude Matte 24 , 4,5г",399
1651506075,"Жидкая матовая помада для губ Relouis Paradiso 10 , Ready to Go , 3,7г",435
1651505985,"Помада для губ BelorDesign Party 81 4,3г",199
1651506078,"Жидкая матовая помада для губ Relouis True Matt 02 , 4,5г",399
1651506997,"Помада для губ BelorDesign Smart Girl Be Color 119 Каштан 4,3г",219
1651507001,Помада для губ Luxvisage Pin-Up матовая 513 Kim 4г,298
1651506224,"Жидкая матовая помада для губ Relouis Nude Matte 26 , 4,5г",399
1651506838,Помада для губ Beauty Bomb Lipsy 05 4г,299
1651506228,Помада для губ Luxvisage 69 4г,311
1651506055,Помада для губ Luxvisage 67 4г,311
1651506165,Помада для губ Beauty Bomb Lipsy 06 4г,299
1651506369,Помада для губ Luxvisage 36 4г,311
1651506841,Помада для губ Luxvisage Pin-Up матовая 514 Natalie 4г,298
1651506121,Помада для губ Luxvisage Pin-Up матовая 524 Bella 4г,298
1651506280,"Помада для губ BelorDesign Party 65 4,3г",199
1651506145,Помада для губ Luxvisage 55 4г,311
1651506842,"Жидкая матовая помада для губ Relouis Nude Matte 20 , 4,5г",399
1651506142,"Жидкая матовая помада для губ Relouis Nude Matte 25 , 4,5г",399
1651506057,Жидкая помада для губ Luxvisage Matt Tattoo No transfer матовая 106 Mauve,366
1651506233,Жидкая помада для губ Luxvisage Matt Tattoo No transfer матовая 101 Lavender Pink,366
1651506929,Помада для губ Beauty Bomb Lipsy 02 4г,299
1651506634,"Помада для губ Luxvisage Pin-Up матовая , 505 , Kate 4г",298
1651506763,Помада для губ Beauty Bomb Lipsy 03 4г,299
1651506552,Жидкая помада для губ Luxvisage Matt Tattoo No transfer матовая 102 Cremy rose,366
1651506174,"Жидкая матовая помада для губ Relouis Nude Matte 17 , 4,5г",399
1651506617,Помада для губ Luxvisage Pin-Up матовая 515 Miranda 4г,298
1651506748,"Жидкая матовая помада для губ Luxvisage Matt Tattoo no transfer 12H 116 , 3,8г",366
1651506935,Помада для губ Luxvisage 29 4г,311
1651506367,"Жидкая матовая помада для губ Luxvisage Matt Tattoo no transfer 12H 121 , 3,8г",366
1651506232,"Жидкая матовая помада для губ Relouis Nude Matte 27 , 4,5г",399
1651506044,Помада для губ Beauty Bomb Lipsy 04 4г,299
1651506884,"Помада для губ Relouis La Mia Italia 07 , 3,7г",475
1651506083,"Помада для губ BelorDesign Smart Girl Be Color 118 Молочный шоколад 4,3г",219
1651506845,"Жидкая матовая помада для губ Relouis Nude Matt 15 , 4,5г",399
1651506104,"Жидкая матовая помада для губ Relouis Nude Matte 28 , 4,5г",399
1651507034,"Помада для губ BelorDesign Party 84 4,3г",199
1651506236,"Жидкая матовая помада для губ Luxvisage Matt Tattoo no transfer 12H 123 , 3,8г",366
1651507048,Помада для губ Luxvisage Pin-Up матовая 504 Cara 4г,298
1651506926,Жидкая помада для губ Luxvisage Matt Tattoo No transfer матовая 104 Lilac nude,366
1651506785,Помада для губ Luxvisage 14 4г,311
1651506107,Помада для губ Luxvisage 64 4г,311
1651506089,Помада для губ Luxvisage Pin-Up матовая 506 Nicole 4г,298
1656677541,"Увлажняющий крем для лица Nextbeau Hyaluronic Solution "" Moist Cream "" с гиалуроновой кислотой 100мл",1199
1656677596,"Активирующий крем Green Mama дневной - гидролифтинг для лица "" фиалка и алтей "" 100мл",349
1656680751,Крем - антиперспирант Compliment Professional Care для ног 80мл,186
1656677496,Крем для рук Consly с ароматом клубничного сорбета 100мл,275
1656677498,Антивозрастной крем - концентрат для лица Likato Professional Retinol 3% + Urea 50мл,590
1656676483,"Смягчающий крем для лица Nextbeau Aloe Vera Solution "" Soothing Cream "" с экстрактом алоэ 100мл",1319
1656677591,"Увлажняющий крем для кожи вокруг глаз Nextbeau Hyaluronic Solution "" Ultra Moist Eye Cream "" с гиалуроновой кислотой 30мл",599
1656677517,Крем для ног ФИТОкосметик Super Пятки от мозолей и натоптышей 75мл,139
1656677594,"Крем для рук Botaniqua "" Комплексный уход "" 80мл",168
1656677732,Крем для кожи вокруг глаз WEIS Aloe 20мл,288
1656677725,"Антивозрастной крем - филлер для лица с гиалуроном , плацентой и бакучиолом Benabi Revitalift Face Cream 50мл",3472
1656677609,Крем - сыворотка для рук Consly с муцином улитки 100мл,275
1656676782,"Крем для лица Himalaya Herbals "" Интенсивно увлажняющий "" 150мл",220
1656676787,Крем - сыворотка для рук Consly с экстрактом авокадо 100мл,275
1656677683,Дневной крем для лица Hiskin с коллагеном 50мл,1429
1656677597,"Восстанавливающий крем Green Mama ночной для лица "" ромашка и зародыши пшеницы "" 100мл",359
1656677600,"Крем Green Mama дневной для лица "" Чистая кожа брусника и череда "" 100мл",349
1656677603,"Водостойкий крем для защиты лица , шеи , зоны декольте и татуажа Krassa SPF 70 50мл",322
1656677083,Крем - филлер для век Delicare Retinol Revolution 65+ 20мл,384
1656677639,"Водостойкий крем для защиты лица , шеи и зоны декольте Krassa SPF 50 50мл",287
1657206935,"Карандаш для губ Beauty Bomb Alt Lolita 04 3,5г",229
1657208547,"Карандаш для губ Ninelle Danza 207 красный 0,78г",435
1657206902,"Карандаш для губ Beauty Bomb Alt Lolita 01 3,5г",229
1657208531,"Карандаш для губ Luxvisage 45 натуральный розовый 1,75г",322
1657206849,"Карандаш для губ SHU Fine Line 421 пепельно-розовый 1,5г",395
1657206947,"Карандаш для губ Beauty Bomb Alt Lolita 02 3,5г",229
1657208424,Стойкий карандаш для губ Relouis Long-lasting Lip Pencil с маслом жожоба 06 4г,350
1657206565,"Карандаш для губ SHU Fine Line 426 Нюдовый 1,5г",395
1657208415,"Карандаш для губ Luxvisage 52 розовый 1,75г",322
1657206559,"Карандаш для губ Beauty Bomb Alt Lolita 03 3,5г",229
1657208230,"Карандаш для губ Luxvisage 51 светло-розовый 1,75г",322
1657208462,Стойкий карандаш для губ Relouis Long-lasting Lip Pencil с маслом жожоба 02 4г,350
1657208467,"Карандаш для губ Ninelle Danza 204 пыльный розовый 0,78г",435
1657206504,"Устойчивый карандаш для губ Ninelle Pasion 228 1,5г",495
1657208295,"Карандаш для губ Luxvisage 54 коричнево-розовый 1,75г",322
1657206832,"Карандаш для губ SHU Fine Line 423 Карамельный 1,5г",395
1657206662,"Устойчивый карандаш для губ Ninelle Pasion 227 1,5г",495
1657208405,"Карандаш для губ Ninelle Danza 214 темно-розовый 0,78г",435
1657208410,"Карандаш для губ Luxvisage 66 Лилово-коричневый 1,75г",322
1657208468,"Карандаш для губ Ninelle Danza 213 кофе с молоком 0,78г",435
1657208501,"Карандаш для губ Luxvisage 55 коричнево-бордовый 1,75г",322
1657206894,"Карандаш для губ Beauty Bomb Alt Lolita 10 3,5г",229
1657208495,"Карандаш для губ Luxvisage 56 бордовый 1,75г",322
1657206920,"Устойчивый карандаш для губ Ninelle Pasion 225 1,5г",495
1657208492,"Карандаш для губ Luxvisage 62 розово-сливовый 1,75г",322
1657208267,"Карандаш для губ Luxvisage 59 пепельно-розовый 1,75г",322
1657208504,"Карандаш для губ Ninelle Danza 211 холодный бежевый 0,78г",435
1657206946,"Карандаш для губ Beauty Bomb Alt Lolita 05 3,5г",229
1657212157,"Карандаш для губ SHU Cuties 49 Розовый нюд 0,78г",319
1657208274,"Карандаш для губ Ninelle Danza 212 миндальный 0,78г",435
1657206768,"Устойчивый карандаш для губ Ninelle Pasion 226 1,5г",495
1657208431,"Карандаш для губ Ninelle Danza 201 пудровый 0,78г",435
1657208499,"Карандаш для губ Luxvisage 53 светло-коричневый 1,75г",322
1670226372,Масло для губ Beauty Bomb Lip Oil 03 4мл,449
1670226345,Бальзам для губ Organic Shop Intense Sos Repair с пчелиным воском и органическим маслом ши 10мл,210
1670226380,Маска - бальзам для губ Luxvisage Lip Ecstasy Hyaluron & Collagen 601 Rose,299
1670226350,Помада - бальзам для губ Beauty Bomb Color lip balm 03 4г,389
1670226439,Помада - бальзам для губ Beauty Bomb Color lip balm 01 4г,389
1670226355,Масло для губ Luxvisage Beauty 2 Фруктовый эликсир,266
1670226352,Маска - бальзам для губ Luxvisage Lip Ecstasy Hyaluron & Collagen 603 Mint,299
1670225548,Масло - бальзам для губ Luxvisage Miracle Care 104 Rose beige 6г,279
1670225497,Масло для губ Beauty Bomb Lip Oil 04 4мл,449
1670226386,Помада - бальзам для губ Beauty Bomb Color lip balm 02 4г,389
1670226680,"Блеск - бальзам для губ Relouis Gloss-Balm с маслами ши, фисташки и маракуйи 02 3г",355
1670225683,Масло - бальзам для губ Luxvisage Miracle Care 103 Lilac nude 6г,279
1670226473,"Масло для губ Relouis Glossy Glaze 03 3,5мл",339
1670226416,Масло - бальзам для губ Luxvisage Miracle Care 101 Powder rose 6г,279
1670226396,"Блеск - бальзам для губ Relouis Gloss-Balm с маслами ши, фисташки и маракуйи 05 3г",355
1670226421,"Масло для губ Relouis Glossy Glaze 01 3,5мл",339
1670226675,Масло - бальзам для губ Luxvisage Miracle Care 105 Berry rose 6г,279
1670226537,Масло - бальзам для губ Luxvisage Miracle Care 102 Smoky plum 6г,279
1670225692,Помада - бальзам для губ Beauty Bomb Color lip balm 04 4г,389
1670225606,Бальзам для губ Beauty Bomb Hempt 18мл,319
1670225578,Масло для губ Beauty Bomb Lip Oil 02 4мл,449
1670225721,"Масло для губ Relouis Glossy Glaze 02 3,5мл",339
1670682757,"Жидкие тени для век Luxvisage Glitter Rock 304 , 3г",367
1670682838,"Жидкие тени для век Luxvisage Satin Nude super stay 206 Nude Brown 3,5мл",413
1670683037,"Жидкие тени для век Luxvisage Satin Nude super stay 203 Powder Rose 3,5мл",413
1670682752,Тени для век Luxvisage Metal hype 3 Розовый жемчуг 3г,343
1670682887,"Жидкие тени для век Luxvisage Glitter Rock 303 , 3г",367
1670682693,"Двойные тени для век Relouis PRO Eyeshadow Duo 103 , 3г",395
1670682765,"Тени для век Luxvisage Color Matt 14 1,5г",329
1670682758,Жидкие тени для век Luxvisage Metal hype 8 Серебристый тауп 3г,343
1670682821,Жидкие матовые тени для век Luxvisage Matt tint 12h 102 DUSTY ROSE 3г,343
1670682882,"Тени для век Belor Design Delicate 4 цвета 45 4,1г",379
1670682997,"Жидкие тени для век Luxvisage Satin Nude super stay 204 Sunny Beige 3,5мл",413
1670682827,"Жидкие тени для век Luxvisage Satin Nude super stay 202 Pastel Peach 3,5мл",413
1670683642,Тени для век Luxvisage Glam Look 4-х цветные 8 4г,486
1670682999,Тени для век Luxvisage Metal hype 4 Солнечный беж 3г,343
1670682833,Тени для век Luxvisage Metal hype 2 Золотистый персик 3г,343
1670683024,Жидкие тени для век Luxvisage Metal hype 14 Дымчатый кварц 3г,343
1670682944,"Жидкие тени для век Luxvisage Satin Nude super stay 205 Taupe 3,5мл",413
1670682972,Жидкие тени для век Luxvisage Metal hype 16 Тигровый Глаз 3г,345
1670683121,Тени для век Farres Glitter Черный 3г,199
1670682893,"Двойные тени для век Relouis PRO Eyeshadow Duo 101 , 3г",395
1670682977,Тени для век Luxvisage Metal hype 1 Искристое шампанское 3г,343
1670682921,"Тени для век Belor Design Delicate 4 цвета 49 4,1г",379
1670682970,Тени для век Luxvisage Metal hype 6 Античная бронза 3г,343
1670682960,"Жидкие тени для век Luxvisage Glitter Rock 301 , 3г",367
1670683032,"Жидкие тени для век Luxvisage Satin Nude super stay 201 Ivory 3,5мл",413
1670682857,Тени для век Luxvisage Glam Look 4-х цветные 4 4г,486
1670682991,"Тени для век Luxvisage Color Matt 12 1,5г",329
1670682963,Жидкие матовые тени для век Luxvisage Matt tint 12h 108 Grey Taup 3г,345
1671891295,Блеск для губ Luxvisage Pin-Up 23 Corset 5г,387
1671889728,"Блеск для губ Relouis Fashion Gloss 01 , 3,7г",355
1671891276,Блеск для губ Luxvisage Pin-Up 40 Pink orhid 5г,387
1671891343,"Блеск для губ BelorDesign Party 7 4,2г",318
1671889616,Блеск для губ Luxvisage Pin-Up 26 Smoky plum 5г,387
1671889806,"Блеск для губ Relouis Fashion Gloss 15 , 3,7г",355
1671889925,Блеск для губ Luxvisage Glass Shine 18 3г,287
1671889733,"Блеск для губ Relouis Fashion Gloss 18 , 3,7г",355
1671889621,Блеск для губ Luxvisage Pin-Up 20 Pink sand 5г,387
1671891360,Блеск для губ Luxvisage Pin-Up 34 Vintage rose 5г,387
1671891217,Блеск для губ Luxvisage Pin-Up 37 Capuccino 5г,387
1671889847,"Блеск для губ BelorDesign Party 6 4,2г",318
1671891504,Матовый блеск для губ Luxvisage Pin-Up 9 Кофейный ликер 5г,387
1671891272,Блеск для губ Luxvisage Glass Shine 10 3г,287
1671891337,Блеск для губ Luxvisage Pin-Up 39 Beige nude 5г,387
1671891225,"Блеск для губ Relouis Fashion Gloss 13 , 3,7г",355
1671900830,Блеск для губ Luxvisage Pin-Up 21 Beige rose 5г,387
1671891509,"Блеск для губ Relouis Fashion Gloss 20 , 3,7г",355
1671889865,Блеск для губ Luxvisage Glass Shine 17 3г,287
1671891492,Блеск для губ Luxvisage Glass Shine 19 3г,287
1671891197,Блеск для губ Luxvisage Pin-Up 33 Rosewood 5г,387
1671891529,Блеск для губ Luxvisage Glass Shine 14 3г,287
1671889992,Матовый блеск для губ Luxvisage Pin-Up 18 Сливочное пралине 5г,387
1671898150,Матовый блеск для губ Luxvisage Pin-Up 19 Пыльная роза 5г,387
1671889852,"Блеск для губ BelorDesign Party 4 4,2г",318
1671889836,"Блеск для губ Relouis Fashion Gloss 12 , 3,7г",355
1671890013,"Блеск - плампер для губ Luxvisage Lip Volumizer hot vanilla 306 , 2,9г",323
1692211918,Энзимная пудра для очищения чувствительной кожи и осветления следов постакне Likato Professional Enzyme Powder Vitamin C 150мл,855
1692211133,"Пенка Holika Holika для лица очищающая "" Pig-clear dust out "" с коллагеном 150мл",926
1692240509,Бальзам Hair Style для поврежденных волос восстанавливающий 250 мл,473
1692507117,Мицеллярная вода Delicare Демакияж Collagen Complex + Aloe 500мл,423
1694674061,"Отшелушивающий пилинг Holika Holika для лица "" Smoothie Peeling Gel Berry Apple Festival "" 120мл",973
1694797438,"Матирующий тональный крем для лица Influence Beauty Skinnovation Matte 05 , 25мл",805
1694926752,Тоник для лица Likato Professional Gl с гликолиевой кислотой 10% 150мл,465
1694981480,Укрепляющая маска для волос Concept Biotin Secrets 400мл,599
1694986642,Двухцветный корректор - стик для скульптурирования лица Ninelle Artificio 401 6г,759